YEAR;Afghanistan;Algeria;Antigua;Argentina;Australia;Austria;Bahamas;Bahrain;Barbados;Belgium;Belize;Benin;Bermuda;Bhutan;Bolivia;Botswana;Brazil;Brunei;Burkina Faso;Burundi;Cambodia;Cameroon;Canada;Cape Verde;Central African Republic;Chad;Chile;China;Colombia;Comoros;Congo, Dem. Rep.;Congo, Republic of;Costa Rica;Cote d`Ivoire;Cuba;Cyprus;Denmark;Dominica;Dominican Republic;Ecuador;Egypt;El Salvador;Equatorial Guinea;Ethiopia;Fiji;Finland;France;Gabon;Gambia, The;Germany;Ghana;Greece;Grenada;Guatemala;Guinea;Guinea-Bissau;Honduras;Hong Kong;Hungary;Iceland;India;Indonesia;Iran;Iraq;Ireland;Israel;Italy;Jamaica;Japan;Jordan;Kenya;Kiribati;Korea, Dem. Rep.;Korea, Republic of;Kuwait;Laos;Lesotho;Liberia;Luxembourg;Macao;Madagascar;Malawi;Malaysia;Maldives;Mali;Malta;Mauritania;Mauritius;Mexico;Micronesia, Fed. Sts.;Mongolia;Morocco;Mozambique;Namibia;Nepal;Netherlands;Netherlands Antilles;New Zealand;Nicaragua;Niger;Nigeria;Norway;Oman;Pakistan;Panama;Papua New Guinea;Paraguay;Peru;Philippines;Poland;Portugal;Puerto Rico;Qatar;Romania;Rwanda;Samoa;Sao Tome and Principe;Saudi Arabia;Senegal;Sierra Leone;Singapore;Solomon Islands;Somalia;South Africa;Spain;Sri Lanka;St. Kitts & Nevis;St. Lucia;St.Vincent & Grenadines;Sudan;Suriname;Swaziland;Sweden;Switzerland;Syria;Taiwan;Tanzania;Thailand;Togo;Tonga;Trinidad &Tobago;Tunisia;Turkey;Uganda;United Arab Emirates;United Kingdom;United States;Uruguay;Vanuatu;Venezuela;Zambia;Zimbabwe
1970;1731.1103;4280.1338;5167.9331;9739.7748;14672.852;12689.686;16856.346;11834.048;11616.225;12468.605;3440.6099;1102.2843;21617.675;229.73166;2538.7938;1184.109;3975.7509;30936.411;691.23326;805.93273;1086.8752;1948.8588;14169.177;2098.4734;1118.2024;991.19004;6164.951;500.02714;3468.5821;1660.4961;1419.181;1234.7803;5661.5351;1913.0694;2674.6646;5317.6506;16468.13;4385.1997;2761.196;2661.265;1892.1045;3700.7371;1212.514;478.71687;3138.0939;11804.03;13362.598;14431.803;923.17648;13545.791;1041.4344;8239.793;3015.476;3151.9313;2319.1044;690.05514;1847.7668;6988.3422;5725.2514;11124.611;1154.4325;1279.1875;5796.847;2003.4746;7752.4221;11455.26;11592.508;4409.881;11325.585;4249.2278;1134.3353;2161.557;410.79347;2621.3098;64639.944;999.25577;712.10502;1981.7973;16819.635;7004.7469;1381.6272;470.92875;2571.7589;626.64875;669.83056;3015.7379;1276.6612;4222.0091;5108.5185;2297.2756;1066.7285;2286.2987;1001.6975;5240.9944;882.33941;15035.862;12020.312;14355.339;6074.419;1105.9786;1031.1532;13221.758;9790.3831;1234.5583;3834.065;2095.4325;2986.044;4629.0953;2427.1298;3898.3018;6987.8429;8415.139;66884.69;2374.5909;1056.6069;2583.8477;977.00411;14963.824;1496.0632;1325.9487;6843.5726;1994.6139;1373.6119;6404.0433;9327.2299;1241.1447;3816.7335;2882.7506;2536.712;984.23587;3727.676;2762.5135;15685.725;21081.172;1065.6225;2872.1887;576.13411;1748.0672;1301.5994;1041.7556;8858.7102;2690.7912;3031.3309;1059.3364;9755.9444;12818.939;17429.989;6322.9403;1817.6174;7760.5613;1147.0772;2880.1835
1971;1748.3821;3830.3785;4978.5376;9947.7833;15080.587;13290.629;16749.693;11683.356;12031.881;12881.611;3626.8267;1108.2471;22198.765;235.54279;2580.3783;1358.3919;4250.0764;31193.345;669.35481;805.71641;1019.6246;1894.5815;14758.104;2091.4393;980.35926;990.41755;6634.4677;533.94208;3621.6574;1650.8764;1493.0522;1406.7691;5734.4841;2015.8076;2811.5546;5886.3751;16774.905;4573.9233;2875.1409;2686.5124;1907.6552;3693.2884;1225.712;489.31954;3291.4111;11970.416;13881.053;14892.862;899.03559;13967.369;1129.4623;8842.9587;3049.4649;3184.2481;2373.7141;678.39553;1999.3443;7475.3203;5871.9112;12813.771;1186.9702;1364.4333;6546.9522;2098.5089;7952.4545;12247.388;11718.614;4497.8728;11686.512;4022.4782;1156.8275;2077.9782;446.0463;2787.8597;64336.282;1017.3091;718.74177;2040.2585;17098.166;7437.5721;1394.5296;515.07136;3083.6407;671.0449;696.96564;3163.2758;1261.6029;4468.5848;5178.227;2278.9594;1085.5731;2358.2952;1050.176;5034.3183;861.3586;15432.343;12139.727;14632.877;6203.8164;1071.6877;1086.6434;13863.774;8551.5395;1242.5449;3958.4413;2248.427;3049.1766;4705.6728;2492.9356;4149.8881;7469.3671;8855.0876;72334.664;2640.7896;1022.9151;2606.6434;1076.6634;17514.012;1456.9982;1340.1652;7445.3095;1867.2701;1379.9059;6481.2315;9624.8257;1284.9187;3743.7209;3216.1741;2614.841;1007.5857;3806.35;2861.4682;15686.619;21844.024;1137.8674;3173.2274;558.61002;1847.6506;1375.8803;1045.0071;8400.0869;2957.6555;3137.6335;1024.4522;10802.26;13132.415;17870.74;6359.85;1808.0582;7066.9498;1141.5239;3120.4957
1972;2119.6253;4621.2125;5249.2337;9945.6703;15364.975;14057.607;15789.881;11544.811;12280.037;13506.324;3735.4748;1240.6467;22502.032;237.74349;2653.9657;1552.9367;4603.8793;32528.015;713.64009;782.24016;953.01675;1896.9471;15274.588;2155.5234;941.88987;899.95054;6526.1585;536.31442;3782.4423;1809.7696;1452.782;1392.7913;5990.709;2011.2131;2868.0371;6186.2083;17444.808;4583.7999;3016.6213;2972.4699;1978.4622;3829.6884;1244.0235;497.44694;3459.5825;12670.626;14395.336;17457.729;874.12972;14508.89;1431.9413;9697.4524;3081.832;3406.2347;2335.2193;625.48938;2074.6674;8043.1307;6419.3911;12914.243;1158.855;1514.2752;7149.4602;1897.6117;8431.7227;13086.872;12004.204;4880.9556;12496.556;4069.8906;1205.5858;2284.0025;492.02148;2870.1078;63452.621;1035.096;725.76811;2015.4085;18014.826;8036.8489;1383.737;562.24128;3299.9075;720.69835;708.78224;3473.0121;1242.6341;4521.0476;5438.1087;2233.5202;1093.1456;2419.8923;1071.0567;4910.8209;877.85642;15578.787;12264.9;15062.635;6306.5039;1036.2919;1115.9788;14285.76;8637.0907;1292.5941;3902.7618;2593.7336;3137.8482;4716.58;2591.6556;4530.2745;8002.0127;9379.3909;73105.755;2879.0139;993.56255;2633.1154;1092.9059;20951.634;1459.1593;1305.7046;8046.0357;1727.9425;1618.4948;6681.5227;10354.347;1363.2389;4192.9765;3335.8385;3242.0058;1014.0866;3714.6959;3184.9373;16002.834;22483.09;1380.3288;3529.3354;581.01543;1832.9437;1402.8306;1056.0204;9512.8257;3422.0353;3274.3411;1067.0168;9901.206;13526.233;18698.16;6132.2576;1803.1378;7124.2438;1246.7251;3245.9563
1973;2119.4362;4425.8152;5021.922;10179.488;15898.595;14720.44;16641.683;10784.878;12120.713;14330.341;3857.0826;1229.5035;22710.272;252.87914;2783.9649;1683.8129;5068.852;34241.573;691.7927;825.70893;763.0629;1942.4564;16090.119;1997.3994;962.20272;832.27032;6118.7135;561.91953;3934.7441;1638.9546;1537.3491;1461.3304;6155.6162;1963.943;2895.9857;6263.4409;17970.16;4319.852;3231.877;3610.665;1873.1588;3931.6859;1434.9534;502.18356;3945.6478;13382.694;15083.842;18706.955;922.73025;15090.267;1296.195;10434.823;3121.6374;3484.9187;2310.4948;632.42554;2077.1733;8797.709;6880.0124;13845.052;1163.0661;1693.6735;7796.7022;2137.5437;8823.7672;13975.913;12733.201;4854.1873;13359.793;3802.3765;1160.6834;2720.0604;536.78487;3131.6104;54963.352;1001.8329;878.48411;2123.677;19294.058;8682.908;1315.3253;579.39084;3573.628;782.93635;634.98934;3790.4883;1228.9587;5018.3298;5698.2053;2881.4866;1155.8442;2460.2145;1089.5419;4782.6915;853.60334;16163.364;13052.662;15912.683;6273.3705;890.6234;1131.581;14876.264;7331.2408;1292.5252;4151.8428;2681.9926;3172.4975;4868.2526;2771.7411;4991.0365;8848.9289;9416.8826;78913.495;3407.571;1019.0039;2694.1447;1042.1522;26600.123;1362.2957;1318.3658;8835.6443;1842.7759;1384.4796;6706.8261;11084.269;1446.9718;4386.6811;3301.5944;2844.3645;1102.5583;3646.2029;3743.5319;16430.952;23069.278;1279.5462;3905.5426;572.4482;1939.3537;1287.3763;979.44696;9510.8965;3283.5254;3290.6419;1076.0543;15219.561;14511.916;19580.568;6256.6797;2043.1545;7649.5615;1281.0655;3305.9515
1974;2148.0198;4043.566;5169.5753;10591.224;15617.894;15217.697;13588.817;17751.543;12397.589;14910.619;3967.277;1251.8539;22838.163;255.94833;2847.8935;1876.0572;5276.8621;35586.817;701.03169;794.28918;713.16779;2010.0658;16366.729;2079.7415;981.73687;900.35471;6128.6557;561.48978;4039.5095;1645.4365;1479.1291;1386.4801;6312.2461;1891.6146;2867.0519;5245.5971;17602.563;3827.5886;3402.5972;3874.6434;1899.9772;3988.0603;1552.182;499.96931;3917.4038;14088.834;15379.368;21120.666;943.54274;14996.971;1239.4119;9692.804;3181.8287;3513.1626;2379.5445;663.82125;1861.0347;8639.0183;7054.3751;14912.346;1126.2129;1715.7364;7394.7869;2141.6737;8973.8972;14236.757;13336.279;4676.5154;12973.674;3645.7617;1229.1195;3881.5369;580.91905;3359.1689;45986.377;999.17045;920.1553;2009.3321;19944.758;9389.7973;1293.8465;608.67405;3755.627;852.13864;658.37584;4113.3209;1322.3429;5210.9524;5850.7798;3245.0291;1168.1218;2490.7107;1126.2197;4837.322;876.02892;16643.14;12734.62;16618.798;6411.8561;837.01435;1260.3763;15469.768;7830.0418;1288.074;4036.8807;2588.281;3300.9515;5122.5515;2744.9551;5338.9015;8988.2672;8701.1366;84694.634;3244.3607;985.21102;2768.5176;1117.09;32129.467;1387.6783;1361.7289;9419.567;2146.8333;1468.6117;6569.327;11620.054;1496.6794;4310.7406;3327.7711;2562.0663;1079.6265;3684.237;4139.3648;16924.32;23227.271;1452.8956;3867.7711;564.49179;1992.6513;1316.402;1069.182;9914.7354;3429.9663;3327.3549;1040.4575;38427.785;14368.799;19258.914;6407.7696;2666.6542;8316.4559;1187.6621;3541.3912
1975;2263.1123;3987.8969;4871.257;10363.5;15834.019;15183.426;11358.365;18689.86;11529.345;14648.825;4029.7353;1159.4874;24690.367;266.56868;2952.463;2167.7642;5481.9014;34683.597;693.6594;800.75082;693.4035;1988.9841;16557.034;1848.7807;991.42769;992.28382;5212.814;588.91569;4077.3416;1923.9702;1372.4989;1513.6158;6359.6783;2066.4368;3131.9037;4625.577;17201.22;3570.118;3354.5843;4034.6938;1828.599;4144.3666;2051.3302;489.32515;3916.0662;14010.72;15194.862;20538.318;1014.4431;14887.68;1078.126;10216.368;3237.4751;3551.9066;2398.3588;761.46375;1959.7414;8655.9684;7235.4092;14675.399;1178.5283;1733.7842;7066.9049;2222.8061;8982.1974;14493.282;12943.364;4452.0647;13166.801;3272.9725;1180.9934;4029.2276;635.6185;3458.2443;38648.107;979.06986;798.37968;1605.5436;18445.768;10148.927;1267.6091;612.28546;3762.8415;917.40351;685.13289;5121.2475;1376.4095;5820.3454;6029.7064;3150.294;1207.1768;2564.6014;1142.8134;5033.8714;900.46515;16489.363;12124.775;16107.77;6861.7597;1038.5741;1188.9399;16197.624;9245.2174;1336.8291;4239.8073;2560.8818;3490.8217;5205.4213;2866.546;5820.8844;8335.4431;8904.2858;67414.837;3548.1078;925.03738;2835.9034;1199.6345;30490.934;1448.6804;1371.0269;9351.9179;1931.6405;1392.5039;6821.4529;11554.511;1506.4062;4480.0231;3323.3433;2335.0752;1082.6566;4007.8034;4477.9984;17396.383;21135.828;1656.9695;3990.9901;580.43283;2068.2196;1282.0216;1099.1913;10089.445;3528.0117;3517.2368;1034.0085;43245.203;14259.584;19053.05;6754.7973;2465.117;8592.2332;1246.1029;3386.0482
1976;2269.6012;4343.4947;4414.2645;10106.843;16248.44;15891.847;11701.449;19705.991;11298.742;15457.021;3930.4174;1182.6862;26242.023;274.61388;3107.3862;2235.1695;5903.0929;40130.233;693.7365;852.46948;684.3134;2008.9882;17205.535;1889.093;1021.0095;955.34557;5246.9231;591.67578;4191.4385;1856.9431;1213.7856;1586.8415;6432.1152;2171.3711;3276.8369;5629.9779;18265.746;3851.0387;3426.1899;4320.872;2041.9084;4281.4991;2498.503;496.13367;3987.4005;13736.217;15824.8;28766.368;995.31441;15626.918;1064.8462;10792.38;3278.3132;3565.7228;2560.1323;719.13516;2097.8431;9555.9032;7501.2528;14753.656;1204.2322;1863.4528;8271.193;2827.2387;9144.4344;13937.531;13736.568;4352.9311;13530.833;3580.1155;1143.4854;2903.6544;700.4114;3757.7048;39619.916;919.79387;836.3086;1689.2268;18794.828;10974.044;1167.9512;632.2097;4115.5235;987.89713;721.25238;6021.6185;1494.2839;6261.107;6109.4105;3066.9927;1219.2594;2759.6114;1169.2403;4938.6788;894.31319;17080.283;12398.483;16172.851;6997.0954;1128.537;1226.91;17089.15;11196.283;1349.4053;4319.2088;3984.5972;3595.7731;5181.9106;3042.9728;6299.1583;8786.3084;9784.5646;65176.938;4246.405;1088.9975;2918.743;1209.3849;31517.457;1570.4929;1309.5433;9842.509;2144.5032;1189.7293;6984.1142;11839.198;1519.3388;4389.3919;3077.5609;2432.7025;1165.0691;4272.2183;4550.8003;17656.571;21039.879;1735.7839;4450.0396;600.81117;2232.996;1321.276;1175.2326;10820.675;3706.6142;3797.7805;1017.8276;43632.623;14712.834;19944.066;7001.8285;2437.5168;9126.7888;1414.6648;3189.8087
1977;2121.0975;4276.6604;4717.3538;10503.817;16365.101;16717.672;12483.276;21461.016;11769.678;15554.457;4067.9413;1022.4323;26478.126;288.18883;3193.372;2451.0499;5975.7999;43225.151;727.29457;922.00961;577.03685;2055.9544;17674.631;1898.9721;1089.2474;874.45551;5648.5945;615.99099;4268.2959;1764.461;1167.6919;1586.5584;6840.569;2153.0189;3657.5119;6599.2884;18396.666;3968.2018;3511.4669;4569.3128;2227.7607;4369.7297;2734.767;490.15153;4026.7866;14014.743;16200.74;21743.169;1011.8065;16114.4;957.55612;10969.013;3346.9825;3707.0346;2434.2263;705.92882;2135.8279;10715.743;7987.3886;16258.273;1252.1147;1978.1888;7005.4005;2755.9939;9701.2337;13494.136;13973.495;4274.0638;13966.452;3382.9286;1174.7;2725.5962;774.34607;4082.7575;37457.942;901.63424;940.97082;1653.126;19070.174;11890.275;1172.7227;647.67385;4295.4255;1066.9042;746.32968;6725.7424;1510.3185;6568.0924;6115.8305;3047.432;1279.0503;2805.5138;1129.5647;5309.7432;910.32887;17485.47;12929.342;15543.212;6879.2355;1068.4792;1318.8147;17733.107;11066.704;1417.5633;4628.0164;3679.6955;3895.5523;5113.8837;3134.5245;6638.5464;9208.1792;10252.748;60365.254;4484.2469;1075.043;2977.8658;1593.3055;30271.191;1465.5009;1302.3736;10176.962;2319.8259;1307.3282;7137.7537;11956.92;1546.025;4269.5648;3554.8059;2506.9028;1175.6761;4709.7856;4830.0179;17270.482;21667.017;1513.676;4806.4117;581.55597;2408.9121;1291.4256;1200.9034;11142.535;3713.8633;3919.1903;1020.3339;44557.965;14823.601;20702.2;7075.4988;2341.2684;9496.2242;1322.2827;2799.5641
1978;2205.3696;4436.8322;4737.5272;10092.569;16878.192;16446.123;13965.254;19649.88;12405.459;16001.287;4879.9432;988.1633;27068.018;277.44184;3130.5221;2573.367;6038.3862;44754.702;703.24207;914.0555;571.2776;2068.2691;18105.981;1899.0022;1218.5509;854.52075;6017.8304;667.82022;4553.3926;1783.9463;1137.4268;1672.9134;7039.9802;2321.4397;3900.029;7228.9301;18659.588;4126.998;3553.4506;4704.0145;2239.3363;4508.452;2537.8686;480.14885;4108.4115;14095.851;16660.069;15000.483;935.08514;16625.095;1181.2273;11600.514;3567.2116;3764.0913;2516.407;651.19945;2250.1473;11741.644;7885.6645;17065.503;1316.0928;2067.0588;6608.9323;3284.5027;10309.063;14014.995;14419.008;4232.3144;14597.967;4001.9261;1237.3828;2715.177;856.41123;4473.5813;36595.43;829.25767;1203.437;1753.9596;19763.882;12773.528;1146.0753;664.0713;4468.9398;1188.4926;766.38929;7652.1625;1382.3132;6656.35;6438.0818;3123.0068;1336.9889;2971.7973;1107.9782;5268.8295;949.53683;17851.188;13929.563;15464.163;6812.767;1115.7366;1264.4397;17982.073;10406.663;1417.0557;4808.001;3837.1648;4189.3018;4784.266;3159.8813;6761.563;9235.0897;10898.753;60539.048;5152.4604;1147.2866;3054.1205;1616.5553;28627.973;1427.8446;1290.8836;10957.375;2476.5842;1443.2986;7083.2647;11958.371;1664.928;4828.6217;3336.7225;3004.3344;1137.5746;5002.558;5130.391;17343.698;22121.485;1723.6927;5356.5934;570.4532;2651.5678;1309.5697;1157.7375;12326.762;3841.0863;3885.3211;972.54838;38130.788;15330.388;21628.031;7475.081;2667.1403;9445.6786;1315.8477;2925.0832
1979;2121.1022;5280.6525;5262.949;10715.842;17086.699;17736.676;17212.276;18995.624;13401.298;16373.706;5142.2961;1070.3443;28947.786;334.29361;3137.9703;2726.1194;6325.7147;52917.149;716.85838;911.37029;493.0557;2216.4142;18568.086;1921.6078;1152.7545;664.5791;6443.4877;723.60898;4720.4323;1871.8698;1165.5507;1889.8096;7112.8948;2358.3935;3967.3555;7761.7668;19193.084;3640.5276;3613.0182;4822.5758;2335.0124;4289.403;2170.4778;493.32093;4625.5204;14954.916;17148.095;14598.162;872.75686;17366.302;1190.3562;11823.666;3402.8937;3930.5574;2463.246;655.59677;2336.4587;12339.396;8523.0895;17721.721;1284.7522;2066.5697;6322.4303;3655.9853;10635.523;14346.815;15191.212;4026.1563;15290.264;4227.3291;1251.0232;2421.2098;935.76312;4787.2342;39803.028;877.75148;1005.9331;1778.194;20280.62;13613.025;1207.1882;709.92478;4751.7382;1276.4255;796.21683;8449.3503;1392.0094;6710.8778;6831.6475;3093.8225;1354.781;3074.1374;1107.1384;5207.2367;952.90103;17992.139;14230.077;15476.215;5552.3204;1172.869;1068.58;18691.851;10267.656;1504.3922;4880.9193;3804.5065;4522.4796;4776.7782;3152.5354;6581.5051;9561.0378;10774.452;58591.482;5403.075;1245.8063;3042.3673;1932.6102;30958.621;1479.8795;1334.5139;11947.264;2892.3548;1257.3545;7219.7286;11896.833;1736.7556;4922.9318;3737.1682;2941.8379;1093.9227;5010.3905;5469.3073;17945.149;22890.896;1792.0295;5671.9554;571.1696;2639.0819;1351.3868;1151.3002;12339.353;3933.8734;3769.4447;786.45587;42141.138;15754.866;22049.759;8066.5481;2672.4875;9232.724;1319.1836;3168.3375
1980;2120.9096;5055.8417;5383.3626;10807.143;17456.145;17829.165;18051.367;18494.38;13484.304;17062.174;5897.0228;1123.7502;29965.774;403.89536;3078.3655;2764.3221;6669.4149;47123.492;748.4729;894.7219;458.22817;2371.7133;18688.628;1929.5656;1070.6603;624.7725;6674.9279;751.02805;4822.5908;1888.3387;1154.0152;2089.1884;6973.7543;2065.13;3749.0648;8289.1685;19018.984;3437.8273;3922.2397;4939.2233;2572.3378;3993.6053;1969.138;505.33737;4464.1939;15760.838;17400.372;15745.308;887.84251;17553.426;1139.6273;11771.317;3539.526;4067.2097;2545.5439;505.37273;2303.3103;13326.399;8502.6172;18557.965;1349.8332;2082.7931;5432.8932;3386.1287;10615.118;14014.894;15725.395;3728.6497;15519.062;4428.9337;1260.5913;1291.2778;1011.8432;4556.5904;29583.911;892.10514;1229.4635;1693.0252;20382.121;14291.106;1175.1886;707.23181;5009.6279;1467.5163;818.60891;8569.5543;1271.8671;6276.0889;7200.8481;2785.2813;1402.8796;3091.7576;1132.7007;4972.5487;872.08053;18128.022;15319.651;15575.714;5296.6964;1224.4436;987.22009;19521.166;9483.3708;1590.628;5762.815;3615.9268;4853.5295;4969.9137;3293.2861;6236.4821;9956.7722;10721.557;52382.582;5626.5369;1255.0464;3272.3963;1806.1095;30967.707;1414.0663;1342.6782;13001.41;2620.1133;1136.8935;7513.6643;12063.145;1854.0341;4998.5889;3565.1644;2840.2505;1047.9404;4647.3322;5519.0292;18171.702;24042.944;1900.3786;5944.6266;570.50297;2741.7149;1313.8078;1240.0381;13226.779;4202.3746;3587.6982;749.4617;46959.835;15470.24;21680.807;8477.3136;2297.8023;8815.007;1289.1586;3226.6545
1981;2297.6856;4911.591;5280.884;10080.209;17935.72;17910.476;17185.684;17413.029;12886.967;16927.472;5233.5396;1090.113;28520.023;410.67297;3050.3483;2620.3205;6293.2907;36018.7;794.05432;933.19803;456.60208;2603.4022;19004.157;2054.6545;1061.0133;616.83994;6936.2558;802.6703;4818.1666;1938.6073;1098.5345;2555.1735;6635.7424;2064.1868;4471.0502;8570.468;18576.556;4293.4973;4209.8697;5014.1266;2549.812;3773.8771;1886.3862;515.20616;4323.7357;16047.44;17536.923;14105.597;894.15694;17466.278;1129.9549;11479.419;3326.0678;3958.7567;2464.1007;635.69626;2404.6596;14195.967;8779.3797;19150.457;1391.9192;2075.1423;4554.1964;2032.9317;10832.817;14580.024;15790.585;3761.4168;15845.013;4244.9051;1236.983;1310.8487;1079.5834;4725.1989;25125.408;969.01858;1210.7525;1739.4293;20235.046;14958.799;1056.5371;701.01723;5206.4685;1588.8837;763.59463;8732.3673;1320.6306;6355.1843;7623.4518;2960.0696;1478.6035;3045.9382;1144.4542;5365.5851;928.75216;17673.934;15318.442;16014.513;5329.2355;1290.4385;1039.7883;19628.844;10511.858;1634.0683;6094.8588;3547.6004;5096.6749;5051.1736;3381.8722;5653.2067;10105.404;10420.992;49642.611;5826.6915;1339.2939;2925.0351;1427.5615;30683.276;1350.522;1356.5201;13130.883;2610.6311;1107.0604;7466.7274;11953.274;1989.4789;5971.2874;3606.2504;3327.9301;1063.7874;5006.3495;5464.0342;17960.007;24228.098;2063.0458;6204.3131;554.92875;2917.3365;1104.1373;1759;13658.89;4258.6826;3685.7686;665.86916;43738.734;15312.924;21988.924;8555.6081;2324.6638;8671.5755;1328.6012;3752.3886
1982;2423.3861;5162.5617;5618.2189;9493.23;17502.484;18242.91;17659.805;17761.957;12657.816;17017.11;5465.2476;1168.8697;29170.941;417.32624;2914.8804;3074.1105;6270.1835;35268.415;804.8214;905.56683;434.45514;3088.2678;18206.484;2108.0674;1061.6218;619.31248;5900.8537;888.53389;4763.4671;2011.2727;931.40133;2812.8547;6028.7581;2319.3564;5017.2822;8971.3592;19098.055;4643.2371;4330.9421;4924.2257;2608.04;3653.3205;1887.3478;504.43753;4311.6994;16480.27;18003.649;14269.256;974.15404;17298.532;1181.1526;11285.14;3547.6007;3810.1869;2474.1737;631.352;2445.5394;14460.727;9080.7118;19347.106;1427.2563;1960.3919;4779.6398;2115.8742;10726.104;14705.848;15866.835;3743.2627;16148.482;4461.6936;1236.7924;1421.7655;1131.0266;5007.2964;23297.03;1005.273;1198.4157;1824.1437;20424.946;15587.183;1018.184;698.95359;5362.9492;1491.4356;713.85498;8547.0828;1158.8912;6793.236;7405.3135;3011.2658;1558.9253;3247.0543;1088.7542;5452.0344;964.50544;17343.563;14920.759;16010.604;5202.8062;1240.6484;1012.4898;19714.525;11036.314;1703.1374;6228.5171;3381.1423;5045.8547;4986.7358;3312.746;5118.3663;10283.455;10163.942;44470.368;5956.1263;1289.8938;3025.9545;1437.5808;24656.508;1518.2322;1396.8723;13420.221;2425.112;1202.1647;7588.3032;12034.147;2097.893;5914.3894;3780.8231;3529.8272;1065.4377;4875.0057;5414.7822;18129.672;23773.444;2096.1718;6327.0873;538.20722;3054.8241;1066.6177;2037.2578;13672.959;4173.8024;3697.8393;703.44947;36678.112;15516.237;21434.601;7692.1192;2499.2233;8337.8695;1295.5289;3614.1353
1983;2529.4749;5277.8865;7076.015;9722.5462;17982.441;18713.724;18509.319;17623.77;12863.717;17038.043;5154.3282;1079.187;29337.018;448.93947;2680.0228;3384.2159;5964.5565;34916.861;767.21517;881.26705;413.59865;3273.9408;18642.042;2371.5828;963.83344;688.65976;5616.4587;944.46059;4722.8152;1995.1756;988.17761;2829.5443;5972.1796;2195.3645;5233.938;9460.1281;19456.16;4896.1652;4404.1949;4679.062;2714.4895;3610.2081;1794.7024;520.63833;3999.4241;16761.852;18167.689;14025.982;964.23392;17657.992;1042.0009;11107.476;3706.6973;3703.7709;2297.4519;632.26903;2344.717;14970.492;9197.5854;18679.376;1456.0349;2095.9196;4984.5728;2811.5378;10537.995;15009.828;16030.783;3912.6205;16271.97;4572.3885;1194.6512;1263.2174;1263.9503;5456.9691;21287.556;990.75815;1206.1037;1606.6639;21027.278;16028.897;1012.8935;713.19564;5549.6201;1676.5101;745.59901;8904.5685;1162.0186;6783.5299;6936.7459;3299.7851;1603.9146;3175.3006;1009.5254;5235.5368;931.493;17579.4;14666.586;16652.002;5550.5455;1231.9605;955.84023;20142.191;11679.182;1758.3943;6116.0465;3463.5744;4881.112;4323.1241;3331.1642;5318.0096;10164.342;10863.289;39384.574;6216.5765;1343.5731;2916.3856;1319.22;19963.234;1512.9075;1339.767;14406.018;2070.41;1104.9757;7794.1384;12186.718;2071.0748;5918.3861;4149.1422;3737.1155;983.41865;4912.504;5334.0678;18283.127;23821.492;2063.945;6761.8895;512.40968;3046.6705;977.43266;1994.8981;11860.926;4363.5373;3828.9998;740.60133;31561.806;16061.804;22262.837;6968.9555;3098.9904;7785.6479;1381.7533;3801.6492
1984;2555.927;5460.9486;7170.7684;9828.6314;18476.025;18791.942;18528.25;17160.096;13580.052;17490.826;4664.9299;1139.6962;29240.027;477.40178;2635.8689;3384.2105;6055.7735;33995.409;741.41482;857.59613;399.52283;3302.4218;19544.073;2492.6207;1026.0822;718.42528;5807.3704;1061.049;4786.8195;1909.5755;958.94491;2902.5746;6201.671;2176.1118;5344.9328;9935.8476;20191;4881.9543;4337.2742;4690.2835;2788.9607;3671.0546;1741.9639;465.94644;4322.8228;17155.83;18323.237;14144.61;928.08866;18094.585;1079.1728;11272.438;4052.0052;3604.0944;2163.1864;654.81644;2298.2447;15968.701;9475.4733;19232.194;1518.8063;2245.6423;5218.6517;2622.2275;10768.1;14692.648;16481.392;3798.2366;16664.581;4968.5915;1194.9484;1340.8379;1415.6527;5887.0567;20708.919;1013.1998;1170.1486;1674.0598;22331.524;16799.463;1002.0203;715.18638;5795.826;2056.1423;757.16582;9113.4755;1160.2525;6961.5109;7027.8569;3260.875;1653.9341;3218.6392;950.70255;5122.4384;985.12065;17981.73;14252.856;17313.145;5525.4937;1029.587;896.57762;21241.797;12602.901;1838.9447;6165.5707;3394.4692;4870.6088;4338.2749;3200.8586;5539.0943;9885.5737;10992.137;36919.699;6580.1674;1190.9723;2921.8822;1214.7111;18238.421;1391.0781;1325.9505;15187.134;2140.7025;992.38211;7761.3718;12346.41;2110.4482;6522.6314;4462.1203;3949.6921;939.85485;4779.7204;5490.0977;19028.003;24389.228;1946.9148;7377.7116;509.97301;3206.1316;1029.3268;2488.1407;11107.162;4399.5878;3978.5131;733.58926;30134.231;16426.418;23679.843;6775.0212;3171.0561;7713.563;1342.0697;3089.4936
1985;2548.8813;5457.0545;7499.2545;8974.3278;19142.093;19362.814;18946.646;15659.578;13446.948;17755.812;3927.1982;1191.9819;30392.186;457.60039;2562.4407;3825.4823;6515.0069;32394.158;785.67279;924.17072;379.6279;3536.6871;20226.037;2719.5527;1022.4673;867.24531;5795.4164;1134.6875;4840.1119;2019.3585;954.8411;2807.2008;6130.4545;2221.8347;6941.2824;10374.216;20932.78;5022.396;4197.2099;4680.1188;2862.0643;3737.832;1723.1181;461.22355;4481.5642;17376.704;18616.543;14011.696;904.08156;18400.923;1014.2181;11501.332;4360.1566;3531.6222;2107.2652;628.93834;2349.9875;16080.847;9554.4331;19644.072;1580.84;2213.989;5205.9953;2380.4884;10984.219;14710.468;16972.178;3619.3794;17434.241;5058.0605;1149.1441;1260.7026;1503.3652;6193.5168;19946.508;1126.0456;1209.4505;1630.8278;22957.128;16665.392;996.36146;741.95494;5688.1297;2247.1072;729.43742;9416.6719;1158.5281;7380.1281;7082.3586;3421.758;1700.856;3278.7687;834.3482;4862.4725;1019.1565;18377.107;13711.561;17186.909;5111.1465;1035.0435;953.20501;22270.486;13566.634;1890.8293;6458.4124;3625.3893;4943.8428;4337.0604;2927.9267;5839.3282;10133.854;11872.763;32664.769;6532.6064;1214.9967;3065.0167;1315.1283;17382.994;1467.4207;1407.4306;14594.529;2126.7337;878.35523;7649.3067;12584.385;2359.4839;7035.2453;4756.9935;3931.0365;966.53625;5311.2836;5475.1979;19530.167;24940.515;1866.5929;7660.6464;502.18834;3393.0866;932.59909;2629.6518;10403.064;4705.7017;4057.1136;681.43098;27085.903;16966.673;24420.053;6796.9081;2949.6384;7516.5871;1232.852;3064.0417
1986;2617.0335;5743.4789;7878.0829;9532.7751;19294.001;19650.294;19018.005;15594.603;14361.868;18072.44;4186.7326;1177.0798;31154.587;498.08261;2444.8158;3918.4893;6919.122;30482.417;812.17908;936.67607;355.96769;3505.8706;20505.897;2764.5463;1033.3096;834.60953;5981.4377;1292.7861;4984.0133;2087.489;986.15745;2534.6213;6163.6787;2336.8423;7086.1607;10811.499;21805.87;5568.954;4269.2757;4684.3012;2957.0316;3706.9001;1580.8185;463.65507;4059.1086;17643.176;19052.096;13180.741;934.6567;18883.527;1093.7501;11515.041;4466.3279;3478.3926;2146.4112;634.56414;2341.4595;17412.238;9768.9898;20626.219;1632.7318;2317.1841;4583.2062;2628.3556;10981.18;15152.298;17405.093;3620.0586;17870.044;5363.5232;1236.6046;1245.4922;1562.9015;6741.89;19705.26;1144.3359;1305.0776;1515.4695;25160.037;17245.796;976.73582;741.06539;5658.8409;2374.5648;861.80427;10078.699;1211.9153;7914.306;6684.2221;3515.5567;1809.9157;3530.6697;844.26283;5034.0105;1035.8698;18885.761;12537.427;17480.762;5080.8966;1103.1413;948.23325;23192.478;13403.706;1972.3432;6536.766;3693.9323;4787.4899;4713.7514;3028.0053;6057.3895;10725.396;12361.333;31463.536;6643.6501;1257.6011;3144.3842;1262.7208;17263.636;1458.878;1327.538;14700.085;2035.9015;980.05574;7427.4021;12946.394;2442.0472;7343.0652;5448.808;4147.5063;997.03088;4926.2194;5928.511;20016.973;25244.277;1723.6209;8464.1087;495.77315;3494.5994;869.66158;2796.2923;9256.438;4660.6916;4261.1793;673.62058;20155.898;17627.548;25005.214;7457.0556;2990.2736;7739.8767;1133.7291;2961.1315
1987;2326.3257;5934.3533;7852.2066;9623.2494;19924.329;19932.312;19928.101;15566.236;14819.694;18479.076;4342.4087;1124.4744;32386.979;588.61264;2503.4871;4294.6417;7214.9474;30079.409;865.06389;939.60861;346.80631;3103.6579;21157.091;2751.1666;989.71975;787.16424;6201.0581;1413.6098;5125.3814;2060.8512;958.84504;2439.324;6182.7416;2301.8584;7133.9829;11741.195;21776.535;5896.7385;4326.9381;4254.6758;3080.9812;3721.3958;1446.6415;363.94799;4124.2769;18207.575;19401.206;12668.534;913.98891;19128.12;1091.4252;11222.682;3660.1833;3404.5458;2146.2506;619.7777;2383.8716;19354.216;10155.712;22196.795;1702.0166;2416.486;4280.9925;3026.0862;11271.821;16194.22;17925.972;3966.0146;18467.776;5272.3171;1266.3325;1174.0214;1689.2567;7419.7904;19883.271;1084.3511;1319.7657;1426.3518;26037.191;19152.359;946.5271;717.36232;5840.2977;2496.74;858.54696;10360.191;1204.3316;8662.6978;6619.9848;3423.4878;1821.9508;3362.1017;919.14908;5564.5425;1024.4413;19102.875;12773.57;17502.728;4539.7859;1000.4972;915.27028;23441.516;12799.667;2073.8915;6533.241;3677.0764;4849.1156;5034.1358;2972.5658;6160.5409;11397.24;13132.357;29464.328;6677.5111;1227.9781;3061.4501;1270.5866;16144.032;1474.9161;1372.0136;15894.01;2051.9398;993.06251;7457.9504;13612.474;2440.2623;7712.2712;5526.783;4214.0185;1032.7289;4352.4092;6456.288;20665.295;25370.78;1653.0731;9423.0404;495.67709;3673.2909;869.73024;2875.7429;9181.6942;4884.0708;4512.9244;646.60233;20895.898;18399.897;25578.071;8156.4032;2636.4391;7825.1821;1194.8181;2794.0966
1988;2095.917;5572.779;9696.741;9228.4695;20270.633;20621.924;20056.007;16443.106;15028.428;19379.829;4454.5254;1122.6803;32866.093;558.07066;2524.6916;4456.981;7078.8737;29451.497;886.63455;1052.7701;397.79473;2974.6586;21793.923;2932.7696;1011.2384;880.85916;6516.9703;1488.5394;5232.7586;2101.7548;927.69386;2422.5987;6232.6296;2277.8678;7240.3442;12934.073;22025.176;6067.6469;4328.4292;4595.0254;3123.6451;3708.7217;1569.4455;462.94068;3931.1933;19159.543;20166.048;12383.612;918.56241;19736.557;1136.0617;11678.238;3822.753;3445.0462;2252.8383;603.58669;2380.8717;20756.399;10330.551;21919.452;1784.5173;2610.8672;4073.9837;3002.7168;11739.287;16275.134;18629.159;4015.0202;19669.332;4958.152;1306.9105;1349.5144;1737.9304;8142.1499;19587.313;1122.1178;1351.225;1339.5132;28190.476;20110.131;943.95075;680.59653;6161.5562;2621.1427;829.86504;10861.352;1209.9509;9012.1297;6529.4207;3501.0698;1863.551;3607.6943;1016.3231;5222.3898;1073.8643;19513.599;12704.671;17660.627;4279.9644;987.96779;978.54909;23340.869;13404.744;2148.2526;5958.4593;3513.1411;5029.3515;4487.8084;3086.4327;6338.1742;12292.402;13954.673;28926.754;6572.8852;1188.9314;3081.5315;1429.0882;16571.774;1520.1115;1256.0833;17036.573;1938.6947;1034.0296;7542.7146;14252.742;2480.1916;7228.8645;6007.7962;4513.9381;1026.2951;4959.6433;6628.1225;21127.453;25901.349;1830.5988;10037.598;495.79906;3950.4563;902.23639;2781.4355;9086.2775;4944.9553;4512.9328;644.85069;19860.554;19377.488;26342.099;8034.8198;2640.0643;8101.9523;1195.9495;3028.7122
1989;1906.9184;5578.1462;9984.8026;8464.9879;20771.475;21406.837;22215.938;16659.604;15170.421;20036.538;4758.2782;1077.4303;32678.219;589.35821;2556.7698;5222.064;7336.6172;28259.343;876.35826;975.7158;389.74341;2702.3499;22092.072;2966.3659;1019.8;899.16691;7041.3774;1497.3271;5327.1709;2044.5082;884.25743;2402.3635;6330.7323;2574.1318;7227.0855;13602.331;22031.535;5752.4236;4374.0061;4445.6321;3265.7176;3660.0937;1489.5601;429.00003;4071.171;20292.72;20833.6;12309.795;919.36197;20342.225;1151.5915;12070.464;3976.5934;3477.9792;2233.2266;639.03891;2445.0572;21176.483;10325.551;21703.976;1841.3155;2792.8484;3985.5903;2712.9379;12447.048;15911.142;19169.571;4244.0265;20635.449;4062.9032;1332.8947;1199.7251;1768.5755;8689.0189;22448.771;1289.7494;1313.244;959.04246;30727.204;20730.377;953.03574;684.57376;6555.3916;2764.8671;874.44127;11659.412;1247.1413;9515.1406;6676.9958;3402.1463;1861.9366;3605.7589;1098.0293;4958.8966;1113.717;20308.377;13445.005;17374.077;3861.803;981.75104;1012.7216;23575.246;13210.622;2162.9163;6077.4303;3512.7603;5166.6696;3775.8196;3164.9597;6291.8167;12911.079;14675.451;29384.693;6010.6241;1217.5831;3144.5856;1485.9156;16047.442;1456.8398;1196.8844;18142.434;2156.7033;998.81935;7686.6819;14889.027;2525.8744;7604.875;6301.2078;4799.7332;1029.5355;4857.906;7036.3515;21653.066;26716.812;1534.5167;10748.576;493.51993;4319.0028;920.13196;2891.3692;8771.7713;4945.4792;4434.6597;672.50021;22002.906;19783.282;26982.396;8028.9604;2659.2406;7269.7599;1259.1521;3409.2309
1990;1750.7216;5569.9025;10793.289;8230.9624;20424.854;22219.839;20641.32;17191.369;14576.119;20644.907;5169.1894;1085.5784;31620.347;586.20308;2582.2086;5394.5318;6834.026;28167.785;829.43509;1065.6816;388.43043;2695.7845;21771.736;2861.3723;1005.6079;833.55151;7143.1944;1677.7844;5442.2575;1973.0284;973.73132;2645.9978;6351.2131;2353.0388;6725.6492;14628.069;22201.031;6183.3471;4134.8243;4453.0145;3384.4669;3717.8389;1602.7435;463.77116;5168.6853;19883.32;21295.814;13046.281;912.50964;21278.596;1153.1698;12003.672;4202.6869;3500.2011;2196.4863;641.84093;2365.7453;22003.355;10086.901;21735.338;1897.212;2917.4161;4419.7278;2538.2407;13462.479;16537.604;19531.776;4445.5683;21640.191;3538.2272;1350.7587;1191.7575;1788.4758;9591.2677;16421.51;1309.4149;1317.8606;551.59306;32032.858;21867.14;916.41718;682.27591;6924.157;3103.2472;863.89479;11958.711;1236.7825;9870.9679;6877.1302;3424.7149;1768.2525;3635.9556;1115.2159;4467.4418;1110.1578;20973.236;13705.77;17171.156;3893.29;997.46642;1060.2126;23991.507;13842.88;2197.1446;6145.9131;3248.4694;5111.1266;3522.7656;3208.7882;5897.3775;13621.452;15119.57;28739.805;5636.6918;1005.6422;2763.7536;1475.0908;17420.474;1441.238;1177.8388;19472.463;2188.4786;993.5772;7723.3785;15396.242;2755.8986;8313.3019;6451.1352;5559.5063;1048.2086;4679.4334;7393.0319;21712.554;27447.396;1518.5608;11283.903;498.26289;4844.5841;906.70229;3095.5919;9093.5799;5126.3621;4767.541;709.27163;25286.743;19864.873;27174.146;7960.38;2679.1154;7483.6489;1116.924;3448.0741
1991;1837.0431;5537.3233;10706.191;9099.3323;20375.576;22763.024;19716.71;16362.655;14334.805;20926.877;5028.8267;1112.9446;31116.273;597.96326;2617.865;5713.8279;6787.521;28456.463;866.99239;1101.0452;413.03927;2537.7088;20932.876;2943.7226;975.65401;873.99114;7551.9643;1797.9876;5458.7038;1965.4865;892.04266;2368.3117;6288.5028;2209.9015;6589.1423;14631.788;22420.723;6105.5816;4187.5062;4500.7052;3499.1032;3762.1214;1567.2771;437.24304;5193.9858;18218.002;21395.333;13201.878;890.31984;22129.129;1155.5649;12280.418;4318.4543;3491.9325;2157.7095;643.86075;2305.1646;23192.334;9017.9642;21508.714;1866.6095;3123.3524;4620.394;929.82503;13663.685;17163.11;19781.674;4418.6929;22287.714;3407.9046;1335.8059;1239.8068;1668.71;10395.739;21862.501;1315.2814;1251.3291;547.5708;34509.1;21615.452;937.06623;686.02588;7290.0654;3225.8681;874.66123;12734.131;1245.8201;10348.922;7034.4741;3536.8608;1567.9685;3826.0465;1091.1768;4931.0877;1158.7578;21321.975;13783.248;16859.059;3437.6534;948.41222;1080.0255;24702.358;14298.406;2255.0638;6814.849;3417.099;5097.8165;3509.9817;3187.478;5793.3916;14035.207;15426.918;27022.401;4913.552;1016.5307;2657.5423;1437.2982;18571.085;1412.1951;1073.8887;20217.398;2219.5113;1014.1604;7562.326;15733.512;2736.8075;9032.8069;6410.5379;5385.6487;1087.3707;4867.4397;7230.1193;21246.274;26979.038;1611.694;11997.552;515.143;5195.6289;890.55992;3369.8534;9269.5816;5243.1662;4753.5721;729.38209;24633.291;19525.053;26789.544;8278.386;2941.6631;8063.0432;1150.4348;3822.5903
1992;1447.2505;5616.9971;11148.938;10053.66;20802.631;23089.635;17947.604;17099.276;13739.969;21179.352;5416.4035;1125.0669;30168.626;592.56973;2602.4311;5966.8165;6665.4291;27338.31;856.77825;1103.7985;435.78522;2393.0207;20903.295;2966.1373;786.82974;901.88398;8313.802;1982.7097;5524.0094;1862.6648;694.58993;2511.9628;6595.4635;2182.9237;5747.7806;15415.866;22793.322;6957.72;4584.4021;4505.9749;3565.6735;3921.228;1825.7201;552.31501;4883.2199;17314.844;21647.04;12871.216;889.91087;22482.165;1195.3937;12252.575;4528.6837;3447.153;2188.2422;454.25304;2362.0303;24495.767;9035.0477;20617.95;1896.813;3313.176;5059.0596;1147.9418;13988.887;17677.551;19887.234;4585.1263;22395.612;3383.6434;1279.5591;1187.4761;1721.6771;10809.266;25301.332;1347.9251;1221.8691;338.7905;34587.424;23164.066;879.49374;602.47772;7818.344;3310.6901;916.61572;13741.669;1191.696;10827.662;7147.5811;3569.3446;1391.7583;3586.7033;988.87481;4982.4419;1151.7444;21474.522;14178.294;16724.772;3387.6177;911.10171;1081.8167;25370.034;14854.621;2278.4045;6942.1067;3542.7406;5107.2969;3417.3372;3167.3553;5906.2721;14156.559;15648.836;28492.63;4510.8586;1039.8153;2530.4972;1341.7338;18677.842;1385.4777;941.51165;20937.375;2509.6223;943.40955;7278.5244;15825.625;2917.2815;9565.1577;6809.0176;6073.1849;1103.2546;4578.5897;7053.6328;20880.224;26752.08;1686.8557;12758.879;498.86459;5577.573;826.01708;3155.1099;9845.7306;5463.583;4917.4444;735.85717;24711.705;19538.573;27431.194;9095.3906;3109.0985;8350.5807;1069.4876;3156.4306
1993;1136.8836;5431.6822;11999.629;10534.851;21301.69;22978.429;17390.04;19595.725;13273.048;20887.794;5658.9485;1126.1144;30966.077;598.45474;2650.6996;5829.1546;6773.7482;26704.64;831.47165;922.66338;447.38609;2286.0658;21238.741;3174.4923;765.97813;876.628;8745.908;2131.4911;5596.2312;1853.8467;560.37148;2106.9312;6903.3123;2081.6047;4948.1857;15153.716;22632.176;7060.1763;4781.0388;4461.6993;3586.8541;4111.4031;1558.0294;593.22164;4672.2096;16795.128;21216.004;12960.68;871.68468;22164.459;1194.3276;11929.419;4456.1725;3508.5941;2206.9299;541.02775;2330.2759;25617.345;9541.3253;20589.627;1932.8664;3466.9837;5141.7084;1651.814;14283.135;17996.448;19585.193;4742.8541;22356.321;3411.5481;1257.6449;1175.7628;1586.3118;11395.64;30996.767;1324.9661;1358.9388;218.49084;35493.454;23873.363;872.72097;668.85437;8271.4492;3395.6222;948.59204;14066.377;1322.5334;11255.092;7151.9824;3717.1779;1329.0846;3503.4391;1039.1687;4875.5751;1179.984;21437.508;14772.038;17498.362;3259.609;871.10044;1080.1576;25956.605;15326.598;2295.7504;7019.5205;4469.0945;5183.1105;3493.6737;3156.339;6132.9695;14002.796;16154.655;26848.196;4581.905;901.32647;2573.2283;1299.2689;17647.577;1329.2653;909.41571;23092.783;2530.219;949.60223;7283.9236;15595.04;3044.4587;9982.9062;6866.4702;6495.1283;1112.5782;3747.2852;7074.955;20226.034;26568.526;1726.7627;13534.307;492.78464;5921.7458;815.0238;3078.8593;9512.6871;5522.1586;5209.063;770.90559;22447.192;19961.424;27942.369;9396.864;3147.0709;8118.9109;1044.918;3072.6607
1994;1022.0531;5227.7289;12623.968;10967.805;22007.789;23265.231;17737.486;15801.352;13587.517;21493.399;5924.9863;1123.9771;31266.966;616.42543;2713.9365;5903.3613;6976.5851;26444.701;854.52683;848.22282;468.56586;2151.461;22157.509;3110.6367;781.18388;859.51962;9120.0052;2453.273;5724.8499;1795.8753;546.22097;1955.6442;7103.0665;1955.0051;5007.9738;15802.503;23855.489;6992.5498;4921.3041;4510.7079;3667.4003;4268.6766;936.59437;595.55485;4749.869;17454.761;21585.663;13640.46;829.51896;22625.8;1166.8875;12046.752;4483.2219;3546.325;2129.685;623.23373;2168.6884;26623.333;9407.8889;21181.286;1976.0379;3575.5429;5505.1276;1655.6272;15059.638;18824.272;19980.726;4714.0746;22500.469;3601.886;1260.7439;1241.2555;1534.4947;12321.324;30135.609;1360.3936;1432.5605;171.42246;36420.085;24460.476;846.50111;819.05777;8788.5016;3499.9066;921.50949;14617.451;1335.3809;11581.603;7327.2557;4226.5394;1340.2697;3825.1467;1078.9651;4894.3922;1234.6476;21905.902;15476.053;18141.013;3199.7616;858.52089;1061.187;27270.049;15323.045;2362.1136;6957.5566;4543.5184;5158.2685;3826.7085;3289.8183;6384.0218;14459.231;16688.286;25641.439;4800.8459;521.78398;2334.7262;1298.9536;17401.017;1353.3234;905.60717;24501.349;2518.422;749.1685;7311.0059;15916.895;3153.5638;11266.107;6480.0324;6269.0753;1120.8116;3051.9673;7244.4436;20922.722;26819.745;1755.5764;14386.523;474.41778;6331.1458;883.92202;3115.722;10212.415;5717.6895;4853.3892;898.50506;24013.007;20762.983;28847.711;10068.556;3114.2233;7683.3659;935.64851;3159.4185
1995;920.74704;5324.4755;12024.509;10573.171;22648.291;23590.136;17111.225;16906.196;14020.479;21936.724;6036.4238;1129.7024;32155.929;659.55506;2763.7917;5928.1596;6895.11;26245.682;825.07094;850.02937;444.49008;2128.3934;22607.823;3489.6277;811.04984;899.15873;9910.5172;2702.2266;5901.0387;1664.3545;498.09453;2160.9452;7267.7431;2007.1899;4979.1363;17297.938;24542.407;6997.2461;4994.1864;4524.5046;3756.7262;4471.9231;1031.9716;607.53946;4753.3488;18221.532;22016.317;13470.132;772.74341;22945.912;1224.1561;12189.203;4692.1458;3607.8727;2261.173;631.5312;2213.8857;26885.073;9533.6547;20976.735;2103.8591;3695.1082;5258.0126;1343.3863;16485.436;19659.545;20538.174;4681.9648;22876.638;3783.0838;1280.9396;1275.4984;1454.9136;13269.691;30567.18;1371.7677;1497.2796;170.55498;36330.509;25260.866;842.34324;828.09677;9335.1928;3617.2627;912.99172;15080.557;1385.1469;12419.079;6768.5475;4274.9556;1412.9469;3484.7108;893.07892;4899.0773;1269.3904;22434.481;15348.458;18589.646;3269.7995;841.47612;946.20317;28343.129;15704.999;2425.4016;6928.5963;4251.3342;5263.7975;4047.4881;3274.0386;6792.2569;14679.387;16419.838;24527.696;5236.4471;840.79869;2485.785;1269.8256;16916.235;1330.2076;946.17909;25819.481;2675.5454;735.82485;7335.4042;16312.368;3352.8383;11477.784;6669.4662;6649.0033;1142.7979;2828.7875;7396.5317;21645.598;26835.382;1840.3532;15175.397;484.66712;6680.0563;898.41526;3234.2708;10717.356;5746.493;5080.958;863.78891;25345.123;21266.531;29290.572;9860.2949;3164.0469;7791.9743;830.75229;2880.5831
1996;939.65816;5513.4534;12438.551;10910.546;23271.226;24023.973;16741.521;16865.345;14237.518;22093.781;5933.1258;1168.0709;33009.232;686.56082;2798.4041;6106.2016;6953.9595;26757.496;820.2492;767.73942;462.93567;2150.1851;22779.715;3522.8471;770.72528;849.30925;10517.087;2924.5153;6047.6018;1642.2173;488.30153;2193.25;7264.4822;2066.7662;5165.0582;17633.151;25124.136;7337.1354;5324.6311;4532.1702;4103.2104;4532.1275;1626.1604;645.59552;5016.6388;18587.825;22122.525;13291.737;787.35711;23071.697;1224.667;12383.994;4796.3681;3663.5907;2322.9756;666.97409;2283.8666;27157.186;9595.1936;21888.33;2180.8721;3907.0144;5373.1395;1975.3981;17773.666;20328.509;20723.748;4611.7536;23608.377;3764.3267;1301.4408;1280.7545;1396.9077;14115.328;30505.549;1409.8707;1582.6862;186.98034;36964.36;25316.586;845.31751;810.93921;10071.785;3866.963;991.96632;15816.915;1397.841;12919.223;6957.7809;4038.2572;1413.6363;3831.2786;931.52942;4869.2284;1300.7412;23007.749;15129.563;18979.832;3291.1324;805.762;1046.6419;29780.832;16011.657;2383.0292;6924.6375;4292.4248;5226.9136;4079.4902;3339.7291;7180.0226;15152.581;16780.377;23438.027;5518.5396;927.82151;2675.9626;1229.0166;16999.693;1347.0946;961.92693;26739.54;2672.8748;744.23099;7545.2837;16661.219;3495.9037;12222.828;6560.7695;6780.7085;1156.3241;3855.1667;7518.6201;21857.215;26788.697;1974.6062;15988.288;491.29414;6915.2076;878.66306;3184.0719;10749.096;6032.6649;5370.1634;908.49952;26942.475;21807.707;30124.935;10371.109;3066.2909;7506.772;837.26555;3080.2751
1997;1029.1133;5457.3247;12949.813;11604.96;24010.643;24488.424;16624.036;16889.001;14539.566;22786.21;5888.5166;1188.3832;33668.734;787.42633;2845.5544;6513.0942;7029.9986;26861.81;843.83067;759.16111;477.36943;2281.07;23707.993;3890.4756;799.86505;831.0836;11048.902;3229.3873;6186.1436;1576.0206;479.77569;2238.2542;7414.4457;2085.6254;5092.5802;18130.889;25890.48;7545.8319;5588.6003;4582.8348;4094.7805;4611.0029;3678.7332;668.68557;4777.109;19899.69;22567.633;12621.984;787.60376;23423.661;1127.3309;12748.922;5011.1726;3654.1467;2392.0898;671.31666;2332.2358;27917.899;9999.8033;22837.79;2244.0987;3958.0751;5416.0237;1339.9882;19647.909;20508.691;21129.231;4560.7693;23942.374;3891.0537;1304.75;1320.6855;1312.7615;14550.825;28782.799;1432.5435;1695.8477;332.16479;39692.854;24944.32;853.76563;835.31942;10496.416;3970.2342;973.25091;16573.356;1429.4762;13148.631;7288.9744;3774.6869;1448.802;3643.0854;1020.3794;4843.3342;1331.7501;23751.803;15067.252;19360.206;3198.6449;833.7819;1045.1809;31306.818;16369.183;2405.1559;7249.8947;4147.6117;5247.8348;4261.1974;3514.8349;7630.6231;15664.274;17862.126;27484.848;5281.6804;858.85764;2719.2375;1316.0069;16760.031;1414.5092;801.69129;28305.655;2553.7319;704.79236;7672.0608;17259.717;3647.1068;13184.422;6418.6944;6462.6101;1190.6125;4446.2246;7608.6854;22287.708;27094.604;2038.6437;16837.975;773.12825;6773.1073;874.15306;3249.7882;10773.88;6261.7601;5649.3782;950.09111;28793.694;22467.896;31248.233;10859.656;3217.0382;7817.2072;854.86055;3135.2781
1998;1047.1674;5508.1995;13666.697;11932.882;24950.277;25338.866;16705.854;17048.288;15050.467;23163.219;5929.3122;1208.6841;34197.924;789.34835;2878.9394;6607.962;6964.3004;26745.771;837.54106;780.12531;471.56239;2353.2618;24454.719;4175.783;823.18571;873.65444;11247.198;3474.6511;6167.0665;1498.5146;466.2224;2548.2657;7727.9351;2132.5107;5164.3685;18873.669;26365.393;8090.2596;5935.9358;4492.021;4252.2677;4631.4826;4472.6913;668.73561;4763.2432;21073.692;23370.915;12316.629;834.13323;23865.473;1205.2411;13103.871;5410.163;3743.0918;2542.7525;492.03335;2332.874;25487.069;10403.443;23999.391;2367.8407;3604.0292;5693.8521;2129.7253;21023.078;20780.07;21509.157;4680.1523;23582.297;3912.2457;1285.4873;1353.1657;1306.2003;13264.846;28025.921;1220.6574;1840.9697;372.56205;42080.979;23836.33;858.19691;827.15525;10240.996;4201.8367;1105.3308;17261.046;1424.2462;13847.102;7527.8769;3735.0086;1478.8193;3825.0709;1096.0975;4805.4772;1334.8314;24651.884;14861.339;19395.166;3236.4135;883.76183;1040.2731;31948.458;16197.903;2435.319;7677.2147;4330.9735;5118.709;4158.3358;3317.0532;7969.0249;16287.195;18572.777;30927.748;5144.9275;943.16198;2850.6681;1296.6135;16456.281;1411.4388;721.57936;26454.187;2514.7104;699.44886;7696.9878;17983.724;3740.1331;13513.89;6845.6613;6432.5307;1103.4673;4829.9598;7682.3515;23101.357;27849.362;2118.8636;17409.753;800.82258;6159.4055;909.76883;3253.7403;10880.297;6475.2969;5727.4351;977.40699;28586.281;23181.38;32300.168;11372.162;3376.6467;7693.4657;832.25703;3127.5054
1999;880.55764;5610.9808;14056.152;11586.602;25658.207;26112.967;18425.053;18054.555;15537.087;23793.334;5950.3069;1222.0646;36487.543;813.62135;2915.314;6319.1559;7017.6953;24971.046;910.15437;823.57137;476.73795;2395.6862;25669.134;4486.5728;925.4773;881.34492;11137.426;3690.9106;6045.0134;1435.6349;409.17007;1512.2394;8323.9817;2174.9307;5474.7868;19844.403;26899.956;8305.9729;6172.4559;4339.851;4425.0049;4709.0469;5322.4592;722.912;4677.8931;21585.596;24105.489;11116.753;925.46989;24317.213;1220.7584;13483.113;5566.1615;3823.7927;2553.3347;543.13531;2163.7844;25357.561;10822.469;24719.547;2593.2216;3595.5684;5816.09;2642.9183;23189.97;20962.868;21867.769;4541.3548;23463.753;3892.0216;1253.3098;1443.6477;1387.8258;14570.199;25350.955;1277.0099;1822.395;408.84186;44766.671;22980.09;810.96668;832.09731;10851.942;4085.3284;1119.2931;18034.314;1486.4463;14064.286;7701.2484;3465.5901;1505.4935;3748.7888;1048.0716;4916.7539;1381.3209;25508.906;14558.791;20176.546;3252.8528;884.76332;1055.8488;32357.907;15861.512;2485.9251;7823.9939;4784.0499;5057.3969;4152.4191;3457.6799;8304.8064;16826.976;19336.066;32114.721;5146.5924;975.28572;2866.3979;1242.9011;15551.735;1492.0208;663.05978;27484.457;2423.6071;682.73789;7915.6241;18741.198;3904.4703;14940.42;6902.4159;6961.5535;979.38315;6252.0264;8311.3882;24167.507;27973.7;1993.3918;18253.877;819.1343;6382.8572;868.82025;3274.738;12110.579;6792.7584;5458.9777;1031.9251;29112.688;23800.158;33444.446;11014.772;3111.4239;7192.7795;835.84214;3220.686
2000;478.10435;5753.122;14064.74;11331.958;25834.54;26999.767;19088.042;18652.151;16086;24661.914;6014.4466;1251.4735;34031.567;828.16313;2929.1863;7256.4464;7193.5974;25111.924;933.20798;698.84374;513.90645;2471.7269;26820.734;4983.3555;945.10209;829.50513;11430.188;4001.8238;6079.6779;1358.7802;359.14718;1286.1902;8341.4698;2171.6587;5698.6177;20456.78;27827.281;8196.8484;6497.3674;4314.4423;4535.8319;4732.1276;6494.5391;725.36517;4571.9479;22740.686;25044.538;10438.827;953.85879;25061.34;1392.2007;13982.386;5896.2402;3859.4668;2546.1218;762.40116;2239.6555;27236.152;11382.95;25794.627;2643.8507;3771.8611;6045.526;2445.3489;24947.554;22236.9;22487.212;4520.8382;23970.563;3901.8369;1267.7161;1432.1614;1378.9527;15702.27;25135.369;1257.3474;1833.9017;472.43695;48217.272;24224.405;822.88212;838.98915;11405.502;4530.1446;1046.7192;18862.836;1521.4814;15121.007;8082.0912;3781.6892;1500.7813;3720.0483;1093.1795;5268.5524;1421.0088;26293.085;14014.404;20422.918;3437.8512;807.45443;1073.9304;33092.155;16193.182;2477.1286;7934.7986;4354.5767;4965.4137;4204.5004;3825.6154;8611.0045;17323.14;21211.215;32260.653;5211.1096;1018.0696;3070.9174;1300.1829;15826.516;1571.3673;683.72976;29433.771;2012.588;681.63299;8226.0625;19536.381;4046.6302;14393.295;6838.996;7671.7533;1047.7134;4753.4198;8517.0292;25231.77;28831.251;2000.8879;19183.929;816.66238;6473.5955;823.16645;3398.2681;14770.034;6993.3118;5714.591;1057.7925;32181.678;24666.411;34364.501;10739.737;3234.7292;7322.9697;865.6494;3255.9299
2001;418.2312;5726.0329;14316.295;10690.723;26528.388;27190.532;18533.119;19093.738;15497.756;24821.924;6288.5174;1273.8671;33600.499;830.83356;2955.522;7788.2669;7108.2088;25317.573;945.35865;715.26041;544.33207;2516.3779;26950.811;4810.0145;954.74419;755.66891;11660.958;4281.0002;6022.1015;1358.3269;348.09431;1405.1433;8105.4883;2108.5565;5892.4735;21400.74;27875.001;7692.1004;6803.4275;4318.7033;4609.4788;4744.2808;9087.651;723.38644;4655.6402;22913.414;25439.414;9984.5421;963.23571;25319.459;1372.6069;14592.54;5961.6234;3828.8216;2720.6162;576.66843;2258.0457;27021.053;11948.432;26309.362;2724.2927;3826.4731;6014.8632;2469.415;26140.257;21600.783;22831.647;4579.5644;23947.582;3905.2156;1257.2917;1424.6122;1419.1431;16160.218;24518.019;1263.8031;1838.1448;486.82046;48223.82;24684.797;833.73077;756.44345;11335.007;4463.6504;1162.5125;18769.929;1508.7328;16282.062;7973.758;3793.6598;1495.3521;3892.9702;1253.9357;5107.5086;1476.5451;26494.187;14067.668;20976.585;3470.3666;832.30611;1071.0568;33718.752;17070.211;2450.119;7945.813;4432.6972;4994.7209;4144.9487;3644.1967;8728.192;17548.759;21008.023;31817.759;5474.9445;1071.5829;3269.6875;1355.4008;15484.408;1389.9447;666.45777;27194.096;1784.1943;679.99231;8447.0055;20030.993;4045.6195;14394.282;6480.1156;7632.5376;1094.5616;6121.5035;9024.5438;25402.48;29022.167;1975.4958;18750.999;848.23157;6638.3791;784.0422;3430.9687;14489.425;7235.0495;5249.6217;1075.5358;32848.629;25133.818;34162.901;10284.293;2752.137;7468.2063;857.91931;3081.9819
2002;525.85404;5723.2922;15270.916;9561.1764;27119.407;27346.75;18377.338;18882.95;15450.672;25105.985;6831.0746;1311.5259;33957.437;846.46192;2971.3766;7726.1369;6949.5584;25593.234;987.55824;760.52976;561.5179;2618.083;27513.101;4939.0237;917.81374;717.02998;11784.102;4630.3618;6044.5538;1353.8337;338.0589;1477.0258;8153.5072;2059.7183;6031.0481;21654.351;27883.32;7907.317;7157.7792;4297.1189;4688.4091;4768.6665;13301.873;737.70656;4890.5973;23459.308;25583.106;9650.084;890.63973;25257.93;1449.2765;15089.199;6099.7162;3782.9246;2853.0241;548.08614;2294.0243;27159.818;12522.607;25497.941;2847.0682;3975.5759;6358.09;2274.8786;27219.004;20945.724;22895.841;4588.359;23759.976;3922.4807;1216.0665;1405.1108;1420.4188;17133.16;23137.106;1423.8949;1772.8147;494.05809;48592.057;26853.031;727.04144;749.87388;11601.396;4652.6052;1130.2033;19383.412;1501.5584;15969.987;7926.7888;3823.0942;1534.2329;3952.2463;1317.2366;5297.8502;1435.309;26354.652;14023.937;21713.271;3358.3418;826.34514;1088.6188;33850.385;16747.887;2506.7868;8051.2665;4444.6026;4773.0019;4265.4534;3616.6498;8867.0995;17573.495;21489.9;33436.997;5789.0867;1149.0368;3329.0561;1352.9407;14689.662;1371.4986;689.54164;27413.935;1695.9064;679.77611;8654.6818;20319.229;4111.0282;14612.398;6565.682;7948.0359;1122.8944;5939.1022;9329.3621;25763.192;28989.677;2020.8919;19371.412;898.75;6882.736;731.35357;3467.7468;13761.892;7368.4235;5472.2139;1092.968;32977.352;25517.654;34286.645;8758.9024;2585.6993;6759.6576;904.25116;2674.8818
2003;588.07605;5993.0013;15820.542;10172.063;27871.535;27566.948;18381.131;19560.6;15707.709;25262.252;7146.536;1345.4215;35750.178;933.46029;3005.9224;8053.5384;7204.3957;26239.194;1073.2624;763.7006;580.03307;2712.7124;27844.624;5119.6759;887.74656;883.51846;12141.279;4970.452;6094.7968;1278.462;435.50847;1421.1467;8586.5516;2018.9091;6288.1758;22009.959;27970.436;7565.9031;6899.2006;4329.706;4759.31;4751.5547;11600.346;687.30851;4919.4512;23785.892;25663.464;9561.5905;937.35529;25188.583;1440.3431;15786.656;6140.708;3804.811;2887.8131;582.7542;2291.6748;27655.807;13016.209;26351.555;2989.767;4121.0218;6398.1338;1229.6178;28246.984;20715.373;22923.658;4584.3899;24036.441;3742.0157;1217.7418;1423.8573;1428.6893;17595.137;26098.343;1412.36;2004.5787;342.46642;49261.342;30419.526;758.52696;770.45565;12130.751;5153.8985;1183.7415;18786.716;1429.2345;16463.804;7938.9185;3853.7848;1596.6202;4059.8567;1450.976;5557.1874;1440.94;26153.731;14076.731;22197.413;3410.427;834.82248;1223.3602;34012.85;16272.673;2591.9641;8243.0019;4492.2177;4718.4611;4351.0604;3576.1127;9217.1105;17333.172;22230.419;36183.098;6057.5668;1297.2255;3456.8541;1383.8309;16010.148;1406.6001;712.76525;27004.432;1711.1437;682.45128;8835.0217;20642.286;4274.1672;14649.742;6717.3635;7747.7623;1176.3184;7865.6888;8933.5671;26137.787;28791.627;2015.9139;19885.647;911.93524;7275.0243;788.52035;3196.9068;18390.255;7601.5815;5634.0143;1113.7392;35675.617;26044.012;34875.411;8856.2007;2872.9955;6251.3744;945.89421;2437.8611
